{
  "symbols": {
    "GOOGL": {
      "expires_at": 1774964245.4817777,
      "items": []
    },
    "AMD": {
      "expires_at": 1774968946.590228,
      "items": []
    },
    "MSFT": {
      "expires_at": 1774968946.590228,
      "items": []
    },
    "PLTR": {
      "expires_at": 1774968946.590228,
      "items": []
    },
    "EQT": {
      "expires_at": 1774964245.4817777,
      "items": []
    },
    "FCX": {
      "expires_at": 1774964245.4817777,
      "items": []
    }
  }
}